,id,diagnosis,radius_mean,texture_mean,perimeter_mean,area_mean,smoothness_mean,compactness_mean
0,842302,M,17.99,10.38,122.8,1001.0,0.1184,0.2776
1,842517,M,20.57,17.77,132.9,1326.0,0.08474,0.07864
2,84300903,M,19.69,21.25,130.0,1203.0,0.1096,0.1599
3,84348301,M,11.42,20.38,77.58,386.1,0.1425,0.2839
4,84358402,M,20.29,14.34,135.1,1297.0,0.1003,0.1328
5,843786,M,12.45,15.7,82.57,477.1,0.1278,0.17
6,844359,M,18.25,19.98,119.6,1040.0,0.09463,0.109
7,84458202,M,13.71,20.83,90.2,577.9,0.1189,0.1645
